20140401,54500,13.367,13.89,12.69,3944120.782,
20140401,180000,13.18432,13.89,12.87654,4282166.09,
20140402,180000,10.728,13.4478,10.6,10620221.59,
20140403,180000,10.811,11.35,10.2222,6281384.235,
20140404,180000,11.04,11.50093,10.6501,3385811.713,
20140405,180000,11.152,11.34181,10.81,1600900.896,
20140406,180000,11.7,12.12,11.051,2899107.606,
20140407,180000,11.13,11.976,11.06,2510061.869,
20140408,180000,11.455,11.62203,11.13,1773688.401,
20140409,180000,11.1599,11.4899,11.02,991810.8317,
20140410,180000,8.39122,11.209,7.9,11207857.33,
20140411,180000,11.396,11.75,8.14,13657722.88,
20140412,180000,10.88934,11.613,10.50063,4031274.996,
20140413,180000,10.2011,10.98888,9.47705,4233823.89,
20140414,180000,11.54,11.62554,9.88,8126929.757,
20140415,180000,13.31651,13.48,11.23023,9555522.106,
20140416,180000,13.43,14.3,12.4,11104409.37,
20140417,180000,12.21099,13.85,12,6860550.95,
20140418,180000,11.8549,12.84,11.52,6227282.53,
20140419,180000,12.65192,12.81,11.41,3651620.63,
20140420,180000,12.55301,12.99,12.205,3045933.273,
20140421,180000,12.31,12.86485,12.001,1597994.78,
20140422,180000,11.93,12.449,11.7,1790033.433,
20140423,180000,11.98121,12.13,11.8,1128382.736,
20140424,180000,12.32,12.6,11.65,2925403.155,
20140425,180000,10.56959,12.39418,10.35,8186297.042,
20140426,180000,10.545,10.814,10.31231,1324559.975,
20140427,180000,9.9,10.665,9.60235,2045361.458,
20140428,180000,10.03374,10.299,9.60235,1947039.955,
20140429,180000,10.271,10.46999,9.88929,2005781.022,
20140430,180000,10.90769,11.13988,10.24,3999540.864,
20140501,180000,11.055,11.47,10.8,2733922.31,
20140502,180000,10.38052,11.07599,10.1,1857906.614,
20140503,180000,10.246,10.46,10.02934,1453293.649,
20140504,180000,10.3097,10.33,10.151,484345.4983,
20140505,180000,10.0512,10.42651,10.05,987826.2561,
20140506,180000,10.412,10.59,9.72,2421662.47,
20140507,180000,10.42923,10.82201,10.101,2114282.45,
20140508,180000,10.32,10.7,10.262,1150452.251,
20140509,180000,10.65,10.74863,10.32,1385511.675,
20140510,180000,10.62,10.8,10.54431,941744.9584,
20140511,180000,10.35,10.7,10.23,1538490.956,
20140512,180000,10.36,10.48288,10.245,484785.7934,
20140513,180000,10.3399,10.48828,10.28,633669.3749,
20140514,180000,10.361,10.44,10.299,423010.1776,
20140515,180000,10.37154,10.53,10.361,750978.0307,
20140516,180000,10.32042,10.4099,10.27,470779.5055,
20140517,180000,10.31,10.333,10.1277,395421.862,
20140518,180000,10.30001,10.35,10.2503,249228.1042,
20140519,180000,10.23,10.35,10.17123,416187.9875,
20140520,180000,10.59,10.752,10.2,2369255.1,
20140521,180000,10.45,10.69899,10.25,1159832.842,
20140522,180000,10.60002,10.798,10.33,2132628.427,
20140523,180000,11.06002,11.76,10.59,4440205.051,
20140524,180000,11.1107,11.2,10.81,1254115.774,
20140525,180000,11.449,11.991,10.5499,4834900.314,
20140526,180000,11.42105,11.76094,11.31,1660637.436,
20140527,180000,11.00026,11.54593,10.852,1788184.128,
20140528,180000,10.8799,11.09869,10.6992,914676.5543,
20140529,180000,10.57634,10.9021,10.515,549569.5082,
20140530,180000,11.1,11.3,10.51,2490241.238,
20140531,180000,10.732,11.128,10.6,1930904.026,
20140601,180000,11.11296,11.5,10.73,3025024.587,
20140602,180000,11.253,11.6,10.9632,2266449.87,
20140603,180000,11.235,11.42994,11.16,951933.4275,
20140604,180000,10.90089,11.28,10.7,1532863.687,
20140605,180000,11.16999,11.25,10.803,813424.8481,
20140606,180000,10.936,11.189,10.8601,656058.092,
20140607,180000,11.09783,11.09767,10.718,772349.3669,
20140608,180000,11.08518,11.2,11.00184,609605.351,
20140609,180000,11.00309,11.19999,10.9701,585756.3483,
20140610,180000,10.92776,11.129,10.87,689503.4427,
20140611,180000,10.8066,11.03907,10.7525,805022.7999,
20140612,180000,10.3,10.978,9.68,2487100.426,
20140613,180000,10.17886,10.423,9.92,1084584.875,
20140614,180000,9.85,10.2,9.5,1432953.214,
20140615,180000,9.88,10.04981,9.4421,1414798.769,
20140616,180000,9.61656,9.95,9.58,831710.1202,
20140617,180000,9.58001,9.71663,9.261,664958.6825,
20140618,180000,9.56998,9.63999,9.48,277682.0811,
20140619,180000,9.8402,10.08999,9.452,1209970.715,
20140620,180000,9.74,9.89,9.65,554502.2409,
20140621,180000,9.73845,9.758,9.51249,368701.4097,
20140622,180000,9.66325,9.8193,9.62,587893.3548,
20140623,180000,9.56,9.69175,9.5,331019.8923,
20140701,180000,7.8,8.95842,2.21212,2537571.932,
20140702,180000,7.99777,8.469,7.42525,2124691.941,
20140703,180000,7.9,8.07,7.8,501307.4618,
20140704,180000,7.31614,7.98,7.11,1112492.393,
20140705,180000,7.26214,7.5,6.66,1590921.982,
20140706,180000,6.99,7.4,6.802,801448.2844,
20140707,180000,7.5874,7.8,6.9,1694400.076,
20140708,180000,7.70023,7.77,7.44,765570.9334,
20140709,180000,7.68391,7.95,7.62232,920104.7119,
20140710,180000,7.71779,7.7855,7.53,495090.4662,
20140711,180000,7.8,7.97,7.67,581840.5425,
20140712,180000,8.58685,8.88,7.7311,2038189.431,
20140713,180000,8.84999,9.13999,8.55,1557610.988,
20140714,180000,8.651,8.87822,8.452,1151118.797,
20140715,180000,8.55796,8.856,8.5155,466563.36,
20140716,180000,8.329,8.65,8.2,1259284.292,
20140717,180000,8.63022,8.749,8.28834,667072.4105,
20140718,180000,8.68049,8.883,8.528,613772.3688,
20140719,180000,8.719,8.82243,8.59,283007.5863,
20140720,180000,8.46694,8.8,8.452,552270.5091,
20140721,180000,8.541,8.62686,8.34,392059.502,
20140722,180000,8.52815,8.63,8.45,236170.0539,
20140723,180000,8.37043,8.5555,8.34,388243.7213,
20140724,180000,7.74067,8.501,7.55,1607588.203,
20140725,180000,7.525,8.06608,7.37,1159160.994,
20140726,180000,7.56002,7.68,7.402,339939.5048,
20140727,180000,7.731,7.75044,7.031,758061.9736,
20140728,180000,7.53002,7.75,7.349,602165.4711,
20140729,180000,7.55872,7.68356,7.474,205326.9248,
20140730,180000,7.21,7.62795,7.151,722028.0579,
20140731,180000,7.444,7.58,6.97,1021137.249,
20140801,180000,7.6102,7.841,7.3799,669240.8583,
20140802,180000,7.5688,7.695,7.4988,241147.2701,
20140803,180000,7.42809,7.57,7.41,152349.4832,
20140804,180000,7.34289,7.5,7.3111,262942.7234,
20140805,180000,7.199,7.40376,7.10147,422764.6288,
20140806,180000,7.13223,7.25299,7.05,273969.0552,
20140807,180000,7.15992,7.22995,6.8,1171621.008,
20140808,180000,6.97,7.3,6.856,711483.6253,
20140809,180000,6.89,7.02134,6.7,904637.4175,
20140810,180000,6.89,6.996,6.77796,169821.5572,
20140811,180000,5.684,6.91999,4.85,2692301.644,
20140812,180000,5.6728,5.85,5.371,1362754.067,
20140813,180000,4.88849,5.70876,4.667,2958525.697,
20140814,180000,5.08819,5.35,4.755,1754676.213,
20140815,180000,5.0494,5.19988,4.9,551405.165,
20140816,180000,4.97998,5.1,4.85,527974.667,
20140817,180000,4.39086,4.99502,4.16,1457558.046,
20140818,180000,3.53112,4.39086,3.333,2807857.331,
20140819,180000,4.5787,4.89895,3.47395,2850723.732,
20140820,180000,5.7694,5.79899,4.325,3896703.026,
20140821,180000,5.7405,6.19,5.423,3360823.251,
20140823,180000,4.835,5.23772,4.66,1628338.737,
20140824,180000,5.338,5.74,4.852,2549114.362,
20140825,180000,5.20485,5.4538,5.07781,910216.5122,
20140826,180000,5.546,5.64,5.19232,1016539.859,
20140829,180000,5.362,5.439,5.1,616972.7462,
20140830,180000,5.14443,5.372,5.07929,473958.988,
20140831,180000,4.90604,5.2,4.7505,3437592.758,
20140901,180000,4.7027,4.99,4.62512,607183.3348,
20140902,180000,4.7625,4.9489,4.60502,1040757.607,
20140903,180000,4.86091,4.92,4.72299,358734.2325,
20140904,180000,5.159,5.3,4.82865,901850.1427,
20140905,180000,4.941,5.159,4.8952,407360.8836,
20140906,180000,4.9859,5.04129,4.85,372516.9633,
20140907,180000,5.03,5.22121,4.96031,618846.5362,
20140908,180000,5.01249,5.189,4.86318,825542.6667,
20140909,180000,5,5.09218,4.93042,434005.6248,
20140910,180000,5.31401,5.68,5.0025,1130740.656,
20140911,180000,5.41,5.555,5.23,867007.4077,
20140912,180000,5.309,5.4102,5.2,337252.7301,
20140913,180000,5.415,5.47,5.27,354249.4556,
20140914,180000,5.35658,5.469,5.28,323373.8084,
20140915,180000,5.04092,5.38795,5,822271.9693,
20140916,180000,5.02199,5.13,4.95307,566560.5978,
20140917,180000,4.91075,5.167,4.78986,681099.5649,
20140918,180000,4.56994,4.973,4.39123,1589769.769,
20140919,180000,4.2497,4.73685,4.021,1035027.258,
20140920,180000,4.17211,4.59899,4.05,1738291.021,
20140921,180000,4.10557,4.25967,3.91,691516.4717,
20140922,180000,4.133,4.36498,4.0355,525161.2173,
20140923,180000,4.66,4.8932,4.07005,1456435.718,
20140924,180000,4.5671,4.72363,4.51,507474.32,
20140925,180000,4.45,4.57474,4.32,360734.5755,
20140926,180000,4.336,4.51415,4.291,299602.235,
20140927,180000,4.34983,4.4267,4.3,94519.80201,
20140928,180000,4.1477,4.38799,4.09503,256851.8315,
20140929,180000,4.183,4.255,4.17,1926.582514,
20141001,180000,4.36604,4.375,4.17,18915.13427,
20141002,180000,4.25,4.4,4.19065,51901.01237,
20141003,180000,4.059,4.28414,3.9625,67534.92961,
20141004,180000,3.8179,4.19796,3.691,145958.2138,
20141005,180000,3.5847,3.95,3.381,162511.9166,
20141006,180000,3.79266,3.93,3.50109,139449.7482,
20141007,180000,3.71103,3.89786,3.58,102194.8802,
20141008,180000,3.914,3.97494,3.677,120758.7135,
20141009,180000,3.84,4.087,3.78,109208.1839,
20141010,180000,3.70907,3.90354,3.68,74877.26204,
20141011,180000,3.714,3.79051,3.62,56375.66397,
20141012,180000,3.8173,3.89164,3.6745,68672.75226,
20141013,180000,3.881,3.9,3.741,67626.80521,
20141014,180000,4.03102,4.23,3.856,149549.754,
20141015,180000,4.01007,4.08,3.90406,80398.6499,
20141016,180000,3.919,4.06494,3.845,73939.62855,
20141017,180000,3.941,3.99,3.85,29557.75784,
20141018,180000,3.988,4.06098,3.91844,50493.18979,
20141019,180000,3.94,4,3.90151,30852.77533,
20141020,180000,3.877,3.96433,3.849,39977.82141,
20141021,180000,3.89,3.939,3.86101,21568.82806,
20141022,180000,3.841,3.92848,3.791,34116.68011,
20141023,180000,3.7309,3.841,3.65,53880.92152,
20141024,180000,3.69997,3.77,3.67058,26638.42704,
20141025,180000,3.64301,3.701,3.578,34419.17535,
20141026,180000,3.709,3.77,3.64,23457.37016,
20141027,180000,3.77693,3.85,3.67244,40110.61129,
20141028,180000,3.8215,3.85,3.76079,19665.58609,
20141029,180000,3.69968,3.8004,3.6727,43005.68287,
20141030,180000,3.788,3.82947,3.689,35437.15088,
20141031,180000,3.7,3.8,3.7,22829.23302,
20141101,180000,3.555,3.71966,3.505,55193.10785,
20141102,180000,3.62586,3.628,3.545,20342.87445,
20141103,180000,3.58,3.69,3.5003,28665.8948,
20141104,180000,3.63059,3.64,3.51,19810.22799,
20141105,180000,3.623,3.65369,3.57,25654.37696,
20141106,180000,3.62095,3.69,3.58209,24306.8595,
20141107,180000,3.52469,3.651,3.52469,29551.0563,
20141108,180000,3.539,3.58603,3.51479,16030.41411,
20141109,180000,3.622,3.67271,3.532,34750.65662,
20141110,180000,3.687,3.75,3.597,61534.93559,
20141111,180000,3.69099,3.73,3.61678,23889.61651,
20141112,180000,3.99303,4.15,3.67112,129443.4035,
20141113,180000,3.98438,4.171,3.9,156217.0122,
20141114,180000,3.94655,3.99999,3.82388,46492.6547,
20141115,180000,3.83,3.95017,3.75,39524.5632,
20141116,180000,3.93,3.93,3.8023,30370.30156,
20141117,180000,3.82488,3.95,3.77,39679.57249,
20141118,180000,3.75268,3.85,3.71,31058.20844,
20141119,180000,3.761,3.83,3.714,26693.50071,
20141120,180000,3.50401,3.7769,3.475,40538.53684,
20141121,180000,3.43215,3.55172,3.416,38398.97192,
20141122,180000,3.542,3.6,3.44521,33573.56371,
20141123,180000,3.57316,3.61,3.5,25685.48343,
20141124,180000,3.59836,3.679,3.55,48223.26236,
20141125,180000,3.546,3.649,3.5075,32508.925,
20141126,180000,3.53255,3.56,3.47936,11344.24111,
20141127,180000,3.528,3.54694,3.5,13304.02578,
20141128,180000,3.5387,3.59699,3.46,38273.37135,
20141129,180000,3.56,3.61,3.52714,24846.24694,
20141130,180000,3.55,3.577,3.5185,8646.177977,
20141201,180000,3.56031,3.58247,3.531,14488.25334,
20141202,180000,3.57472,3.63055,3.545,32826.98284,
20141203,180000,3.56132,3.60137,3.521,19624.80484,
20141204,180000,3.5271,3.57926,3.49,22690.19116,
20141205,180000,3.53,3.55,3.498,10919.4982,
20141206,180000,3.56,3.57629,3.5113,15176.16145,
20141207,180000,3.65807,3.7,3.54302,30112.53425,
20141208,180000,3.60112,3.71,3.576,58558.95133,
20141209,180000,3.46,3.61762,3.41287,44150.89544,
20141210,180000,3.4209,3.49915,3.38954,24157.46166,
20141211,180000,3.412,3.49086,3.346,43189.23354,
20141212,180000,3.411,3.44,3.39,10983.32416,
20141213,180000,3.411,3.44605,3.3925,9136.320404,
20141214,180000,3.411,3.4445,3.39,9969.937548,
20141215,180000,3.388,3.4271,3.3222,18840.70649,
20141216,180000,3.016,3.389,2.59,109635.2056,
20141217,180000,2.97201,3.031,2.86,59419.40637,
20141218,180000,2.751,3.0078,2.7202,64748.31009,
20141219,180000,2.855,2.88852,2.71059,35779.00543,
20141220,180000,2.918,2.97555,2.84139,36252.84647,
20141221,180000,2.83454,2.918,2.79837,16707.19403,
20141222,180000,2.853,2.91024,2.80114,31034.23913,
20141223,180000,2.828,2.88,2.81165,19048.88927,
20141224,180000,2.7,2.841,2.67,40424.78973,
20141225,180000,2.67,2.723,2.6397,34966.85282,
20141226,180000,2.76278,2.79901,2.66541,30248.20757,
20141227,180000,2.71599,2.77395,2.67,25299.08783,
20141228,180000,2.713,2.749,2.63778,22528.02309,
20141229,180000,2.67047,2.72,2.666,16282.80368,
20141230,180000,2.7035,2.74866,2.65,30859.13734,
20141231,180000,2.723,2.7333,2.68,14409.27922,
20150101,180000,2.69,2.75,2.68965,9567.531665,
20150102,180000,2.647,2.703,2.646,15836.94454,
20150103,180000,2.1,2.648,2.05,231104.8967,
20150104,180000,2.09276,2.22156,1.9,194229.7708,
20150105,180000,2.081,2.168,2.02,112094.1629,
20150106,180000,2.135,2.145,2.05,88065.82984,
20150107,180000,2.13552,2.2,2.09084,74402.95844,
20150108,180000,2.0079,2.1298,1.98932,56888.92006,
20150109,180000,1.972,2.021,1.95,103803.6617
20150110,180000,1.71685,1.99,1.61,547217.4446
20150111,180000,1.75,1.8721,1.66599,469625.4797
20150112,180000,1.61727,1.797,1.52,314605.6657
20150113,180000,1.55403,1.63988,1.47251,596960.1851
20150114,180000,1.27998,1.59782,1.0557,1303654.636
20150115,180000,1.29663,1.3959,1.20308,668396.3757
20150116,180000,1.38372,1.476,1.27975,417023.2175
20150117,180000,1.26897,1.408,1.24016,179038.8271
20150118,180000,1.331,1.377,1.2373,167775.1893
20150119,180000,1.32,1.361,1.3,114829.0147
20150120,180000,1.32,1.338,1.285,81885.37483
20150121,180000,1.391,1.395,1.3,118813.8746
20150122,180000,1.37,1.447,1.364,167677.515
20150123,180000,1.406,1.4199,1.366,81788.30734
20150124,180000,2.235,2.867,1.4,1883903.88
20150125,180000,2.30299,2.43,1.9111,2340297.335
20150126,180000,1.929,2.38,1.87955,2211664.323
20150127,180000,1.965,2.096,1.939,22.09685,
20150128,180000,1.865,2.02,1.721,0,
20150129,180000,1.865,1.93,1.772,0,
20150130,180000,1.875,1.935,1.845,38.2868,
20150131,180000,1.8073,1.898,1.78225,1761.522254,
20150201,180000,1.785,1.813,1.677,0,
20150202,180000,1.84,1.87,1.719,0,
20150203,180000,1.79401,1.879,1.784,0,
20150204,180000,1.78006,1.80369,1.7505,3060.037725,
20150205,180000,1.73816,1.79316,1.71231,8014.563451,
20150206,180000,1.7831,1.805,1.734,6533.020099,
20150207,180000,1.784,1.80374,1.75706,2250.604384,
20150208,180000,1.77207,1.81,1.75,7036.418675,
20150209,180000,1.7461,1.77297,1.7,2060.912021,
20150210,180000,1.76,1.778,1.668,4492.196838,
20150211,180000,1.709,1.76354,1.70003,2384.814967,
20150212,180000,1.762,1.762,1.69453,12644.84599,
20150213,180000,1.80312,1.82799,1.747,2040.106278,
20150214,180000,1.933,1.953,1.80312,0,
20150215,180000,1.8,2.001,1.76311,0,
20150216,180000,1.79,1.831,1.77,4250.913471,
20150217,180000,1.828,1.85867,1.777,1510.134676,
20150218,180000,1.806,1.83733,1.78035,13064.81967,
20150219,180000,1.816,1.825,1.79195,16492.93722,
20150221,180000,1.811,1.811,1.7902,10345.87858,
20150222,180000,1.75401,1.81222,1.735,9449.142159,
20150223,180000,1.76056,1.775,1.73,14556.53797,
20150224,180000,1.774,1.798,1.73,9152.02651,
20150225,180000,1.756,1.777,1.74,9793.9728,
20150226,180000,1.82,1.82,1.74,10521.71326,
20150227,180000,1.8,1.8399,1.757,4593.189805,
20150228,180000,1.7948,1.811,1.7901,7953.798456,
20150301,180000,1.8289,1.858,1.76,4402.008687,
20150302,180000,1.88,1.912,1.8289,275.0990057,
20150303,180000,1.917,1.95998,1.8655,0,
20150304,180000,1.883,1.943,1.88001,71.77707,
20150305,180000,1.888,1.91164,1.86,15123.08629,
20150306,180000,1.882,1.905,1.874,23436.4256,
20150307,180000,1.9,1.912,1.86776,10913.90513,
20150308,180000,1.8938,1.92,1.881,15866.34366,
20150309,180000,2.04999,2.04999,1.881,8508.05019,
20150310,180000,1.989,2.05,1.97,866.4953641,
20150311,180000,1.98398,2,1.9666,5779.624388,
20150312,180000,2.027,2.04688,1.9666,4698.254796,
20150313,180000,1.965,2.027,1.965,3363.85037,
20150314,180000,1.955,1.98399,1.94188,5238.808904,
20150315,180000,2.01,2.01,1.941,17106.30209,
20150316,180000,2.014,2.03171,1.992,3083.074123,
20150317,180000,1.9519,2.021,1.95,18819.57554,
20150318,180000,1.672,1.964,1.66,4899.028145,
20150319,180000,1.768,1.788,1.672,1558.895748,
20150320,180000,1.737,1.7757,1.727,6128.985803,
20150321,180000,1.741,1.753,1.71653,10395.66064,
20150322,180000,1.78036,1.795,1.73108,4860.073279,
20150323,180000,1.755,1.8,1.748,3509.515559,
20150324,180000,1.67659,1.774,1.661,10343.06023,
20150325,180000,1.67784,1.75801,1.6116,2361.204411,
20150326,180000,1.672,1.73027,1.648,1947.300186,
20150327,180000,1.678,1.68753,1.64576,8607.705374,
20150328,180000,1.665,1.70462,1.665,14045.15144,
20150329,180000,1.649,1.67674,1.615,6807.198744,
20150330,180000,1.668,1.67504,1.629,12741.28438,
20150331,180000,1.6295,1.6747,1.61859,5543.583206,
20150401,180000,1.64959,1.65265,1.61182,10473.30246,
20150402,180000,1.666,1.68499,1.6252,7757.091424,
20150403,180000,1.672,1.67983,1.64501,12760.16494,
20150404,180000,1.655,1.677,1.63919,8958.233801,
20150405,180000,1.681,1.68544,1.6415,7862.15758,
20150406,180000,1.628,1.68571,1.627,17929.44651,
20150407,180000,1.643,1.65063,1.6211,9876.722738,
20150408,180000,1.61047,1.64776,1.595,3667.914393,
20150409,180000,1.556,1.62187,1.548,6037.86973,
20150410,180000,1.496,1.568,1.485,3235.394471,
20150411,180000,1.45507,1.524,1.446,1181.068862,
20150412,180000,1.457,1.47,1.43002,11909.03871,
20150413,180000,1.371,1.46288,1.363,2797.526367,
20150414,180000,1.4039,1.406,1.314,0,
20150415,180000,1.373,1.412,1.344,2375.017554,
20150416,180000,1.416,1.421,1.369,6248.896446,
20150417,180000,1.397,1.41897,1.3813,4641.952375,
20150418,180000,1.3953,1.40384,1.375,12736.38717,
20150419,180000,1.38748,1.41065,1.365,11526.54473,
20150420,180000,1.38201,1.4,1.372,7623.424355,
20150421,180000,1.425,1.43,1.376,10016.39593,
20150422,180000,1.438,1.462,1.421,8465.721833,
20150423,180000,1.429,1.45,1.424,8425.01891,
20150424,180000,1.414,1.433,1.395,25769.63294,
20150425,180000,1.371,1.41485,1.37,5288.006412,
20150426,180000,1.323,1.371,1.29745,1378.878961,
20150427,180000,1.3841,1.462,1.305,1865.125851,
20150428,180000,1.381,1.40277,1.36,6700.466045,
20150429,180000,1.38082,1.4027,1.363,14593.76511,
20150430,180000,1.45,1.475,1.37532,4741.965871,
20150501,180000,1.417,1.481,1.402,16709.6992,
20150502,180000,1.4318,1.44995,1.41,14586.66557,
20150503,180000,1.435,1.47227,1.42176,552.8450644,
20150504,180000,1.41895,1.46823,1.41,6759.124516,
20150505,180000,1.421,1.43,1.4,8430.016291,
20150506,180000,1.4,1.4224,1.39062,5051.410797,
20150507,180000,1.458,1.46866,1.38929,9365.463607,
20150508,180000,1.47,1.4803,1.434,10135.09568,
20150509,180000,1.4512,1.48,1.443,3845.303274,
20150510,180000,1.444,1.45894,1.42231,18114.30398,
20150511,180000,1.43592,1.459,1.4321,21987.63959,
20150512,180000,1.43945,1.455,1.426,16018.02469,
20150513,180000,1.455,1.4829,1.4311,3847.017645,
20150514,180000,1.45123,1.46328,1.44,6917.213118,
20150515,180000,1.459,1.469,1.4419,13248.4265,
20150516,180000,1.458,1.47,1.4495,12206.44005,
20150517,180000,1.45814,1.46054,1.45081,5335.422186,
20150518,180000,1.44256,1.4605,1.44,9493.310264,
20150519,180000,1.45338,1.459,1.44,4129.976701,
20150520,180000,1.45977,1.475,1.44865,2689.74882,
20150521,180000,1.47678,1.48336,1.442,10896.67063,
20150522,180000,1.84632,1.87,1.47678,0,
20150523,180000,1.81061,1.92,1.76069,0,
20150524,180000,1.85,1.85665,1.79612,2210.164926,
20150525,180000,1.80136,1.85,1.78779,3710.854325,
20150526,180000,1.81378,1.83344,1.792,10941.55687,
20150527,180000,1.86065,1.88102,1.8132,5094.676207,
20150528,180000,1.85009,1.871,1.82,7195.453333,
20150529,180000,1.83719,1.85905,1.811,9308.869984,
20150530,180000,1.81544,1.84892,1.8,6131.330407,
20150531,180000,1.67227,1.8198,1.62223,976.5113837,
20150601,180000,1.6146,1.687,1.594,1120.56031,
20150602,180000,1.69075,1.69075,1.6119,3491.334436,
20150603,180000,1.7,1.7199,1.66948,5969.958932,
20150604,180000,1.68,1.70409,1.668,12051.15988,
20150606,180000,1.7615,1.793,1.7241,7719.128294,
20150607,180000,1.75038,1.78347,1.72776,7890.0335,
20150608,180000,1.79713,1.8,1.73387,9695.56248,
20150609,180000,1.79817,1.82102,1.78313,9048.888571,
20150610,180000,1.7714,1.803,1.75,5282.172338,
20150611,180000,1.79833,1.82009,1.767,16621.91551,
20150612,180000,1.81495,1.82009,1.79453,13951.86514,
20150613,180000,1.87,1.88009,1.8,12616.26178,
20150614,180000,2.01883,2.09,1.8615,6.563995,
20150615,180000,2.01,2.03502,1.99,8281.815732,
20150616,180000,2.82649,3.11581,1.99559,4.71583,
20150617,180000,2.96413,3.1352,2.802,0,
20150618,180000,3.0999,3.11056,2.90009,0,
20150619,180000,2.81316,3.0999,2.66,170.380727,
20150620,180000,2.98993,3.09,2.756,0,
20150621,180000,2.97981,3.06,2.8811,0,
20150622,180000,3.015,3.086,2.95,1989.546356,
20150623,180000,2.966,3.025,2.95115,509.537661,
20150624,180000,2.72074,2.98396,2.71141,1043.869139,
20150626,180000,2.86,2.918,2.81981,897.6719397,
20150627,180000,3.054,3.08499,2.849,5215.91418,
20150628,180000,3.05274,3.1399,2.985,129.867148,
20150629,180000,3.8436,3.859,3.018,0,
20150630,180000,4.079,4.38,3.835,0,
20150702,180000,4.10707,4.18122,4.021,0,
20150703,180000,4.09,4.1227,4.05429,0,
20150704,180000,4.12,4.14,4.04,3510.867716,
20150705,180000,4.76776,4.95,4.023,62.0459727,
20150706,180000,5.33827,5.6098,4.66999,0,
20150707,180000,5.18767,5.4,4.76,0,
20150708,180000,6.0355,6.41,5.051,0,
20150709,180000,7.73853,7.9,6.0355,0,
20150710,180000,4.6363,8.639,3.92,0,
20150711,180000,4.5989,4.72314,3.658,0,
20150712,180000,4.92742,5.27683,4.573,0,
20150713,180000,4.65636,4.97144,4.106,0,
20150714,180000,4.575,4.775,4.42725,0,
20150715,180000,3.98784,4.58699,3.974,0,
20150716,180000,3.84481,4.00755,3.2222,0,
20150717,180000,3.7532,3.84811,3.4997,0,
20150718,180000,3.83867,4.12103,3.74116,0,
20150719,180000,3.67846,3.93,3.52197,0,
20150720,180000,3.88,3.92112,3.56622,0,
20150721,180000,3.655,3.91717,3.646,0,
20150722,180000,3.76563,3.80008,3.65,0,
20150723,180000,3.72201,3.80433,3.704,2779.877282,
20150724,180000,4.72,4.739,3.71901,0,
20150725,180000,4.46358,4.84333,4.4,0,
20150726,180000,4.58,4.74,4.3811,0,
20150727,180000,4.82,4.86,4.476,0,
20150728,180000,4.98313,5.05,4.805,0,
20150729,180000,4.548,5,4.54689,0,
20150730,180000,4.67176,4.69,4.45,0,
20150731,180000,4.486,4.67176,4.44,2724.32213,
20150801,180000,3.91099,4.52186,3.87,0,
20150802,180000,4.09029,4.18,3.87534,0,
20150803,180000,4.25155,4.3366,4.0271,0,
20150804,180000,4.35953,4.399,4.14,0,
20150805,180000,4.291,4.36,4.2442,7497.549655,
20150806,180000,4.027,4.311,3.97002,1553.551153,
20150807,180000,4.078,4.14396,3.92124,0,
20150808,180000,3.86481,4.13,3.75,0,
20150809,180000,3.9001,3.96018,3.727,0,
20150810,180000,3.88595,3.93893,3.84,4376.28711,
20150811,180000,4.11,4.15795,3.8799,1126.778771,
20150812,180000,3.86714,4.127,3.83274,147.38247,
20150813,180000,3.8497,3.88,3.765,551.3271311,
20150814,180000,3.958,4.0451,3.8497,462.182758,
20150815,180000,3.89037,3.98,3.83759,2986.514024,
20150816,180000,3.95,3.98699,3.82,531.2443159,
20150817,180000,3.915,4,3.903,0,
20150818,180000,3.5066,3.95694,3.45036,3342.853396,
20150819,180000,3.42,3.577,3.23033,0,
20150820,180000,3.54137,3.6,3.4139,0,
20150821,180000,3.51244,3.601,3.46,21586.6623,
20150822,180000,3.45,3.543,3.4013,3624.20042,
20150823,180000,3.32,3.47564,3.266,75.364661,
20150824,180000,2.75,3.33838,2.725,0,
20150825,180000,2.944,3.045,2.51,0,
20150826,180000,2.92018,3.003,2.835,0,
20150828,180000,2.88669,2.91,2.71,0,
20150829,180000,2.8564,2.904,2.8,12.081113,
20150830,180000,2.7904,2.874,2.735,2205.283031,
20150831,180000,2.83,2.8402,2.75,2631.389046,
20150901,180000,2.72544,2.8402,2.72544,11951.07712,
20150902,180000,2.768,2.80207,2.715,6157.184708,
20150903,180000,2.63436,2.768,2.559,3582.893853,
20150904,180000,2.63645,2.7,2.61421,14853.03256,
20150905,180000,2.9776,3.017,2.6092,1710.678767,
20150907,180000,3.07572,3.09018,2.91655,4903.40128,
20150908,180000,3.02202,3.12,2.99001,1202.662099,
20150909,180000,2.91274,3.04175,2.8715,7842.773936,
20150910,180000,2.94025,2.9501,2.861,0,
20150911,180000,2.91935,2.95322,2.9,7995.589303,
20150912,180000,2.78886,2.956,2.77921,3878.917456,
20150913,180000,2.78506,2.83447,2.7395,4249.126358,
20150914,180000,2.79487,2.84743,2.77002,1231.956834,
20150915,180000,2.78,2.83611,2.77274,5670.569872,
20150916,180000,2.76372,2.80363,2.7289,6723.608574,
20150917,180000,2.91456,2.94,2.75718,5271.496492,
20150918,180000,2.91145,3.00402,2.90788,740.6269379,
20150919,180000,2.81458,2.94,2.80867,2222.08713,
20150920,180000,2.81937,2.85236,2.80978,3675.905174,
20150921,180000,2.80035,2.83,2.765,3676.040253,
20150922,180000,2.82698,2.85,2.77,5089.120441,
20150923,180000,2.838,2.87322,2.82132,7649.701173,
20150924,180000,2.89305,2.92,2.83002,5361.001675,
20150925,180000,2.84046,2.922,2.83033,4672.476968,
20150926,180000,2.86285,2.86998,2.8174,15407.23957,
20150927,180000,2.88445,2.88445,2.83493,13619.95406,
20150928,180000,3.1,3.118,2.871,0,
20150929,180000,2.96598,3.11915,2.926,0,
20150930,180000,2.97273,3.03787,2.94,29.8999105,
20151001,180000,2.96326,3.001,2.92001,1699.664107,
20151002,180000,2.95702,2.98672,2.934,18901.88139,
20151003,180000,2.99642,3.02499,2.94314,6475.039778,
20151004,180000,2.98286,3.027,2.95432,14483.49636,
20151005,180000,3,3.009,2.93421,6096.374026,
20151006,180000,3.09255,3.11194,2.98339,7068.754884,
20151007,180000,3.01,3.10534,3.00524,0,
20151008,180000,3.03556,3.05471,3.002,11429.18473,
20151009,180000,3.091,3.095,3.02435,10591.07024,
20151010,180000,3.083,3.09499,3.04,15816.5057,
20151011,180000,3.1,3.1162,3.05,5569.299192,
20151012,180000,3.06941,3.143,3.063,654.5521094,
20151013,180000,3.1395,3.147,3.06941,129.7290561,
20151014,180000,3.1134,3.15,3.07,2894.112894,
20151015,180000,3.07679,3.1134,3.06427,2812.31094,
20151016,180000,3.05825,3.10154,3.05636,1410.534591,
20151017,180000,3.00619,3.071,2.962,1593.542385,
20151018,180000,2.95311,3.02334,2.953,0,
20151019,180000,3.03667,3.0422,2.9201,0,
20151020,180000,3.06264,3.06644,3.014,0,
20151021,180000,3.04343,3.082,3.019,0,
20151022,180000,3.04445,3.07748,3.021,279.8455306,
20151023,180000,3.03553,3.07,3.02684,2702.172465,
20151024,180000,3.06,3.06578,3.0152,9470.169967,
20151025,180000,2.99966,3.06,2.9767,1425.506763,
20151026,180000,3.05071,3.06512,2.99881,2011.845035,
20151027,180000,3.03599,3.06,3.023,1462.913445,
20151028,180000,3.02543,3.04899,3.00013,0,
20151029,180000,3.73,3.83515,2.97912,0,
20151030,180000,3.73773,3.946,3.61548,0,
20151031,180000,3.54552,3.76127,3.49,0,
20151101,180000,3.59999,3.68,3.52,0,
20151102,180000,3.861,3.87191,3.59563,0,
20151103,180000,4.32524,4.5,3.7978,0,
20151104,180000,4.09879,4.81,3.863,0,
20151105,180000,3.42,4.09879,3.42,0,
20151106,180000,3.43,3.59876,3.31959,0,
20151107,180000,3.462,3.54145,3.36967,0,
20151108,180000,3.23167,3.49,3.14,0,
20151109,180000,3.30628,3.358,3.15815,0,
20151110,180000,3.02838,3.37004,3.01277,0,
20151111,180000,3,3.0725,2.889,0,
20151112,180000,3.1839,3.24524,2.96645,0,
20151113,180000,3.19014,3.22208,3.1253,1297.393833,
20151114,180000,3.15499,3.2,3.142,1177.443989,
20151115,180000,3.01776,3.16738,3,57987.75976,
20151116,180000,3.19,3.19,3.00001,59472.96579,
20151117,180000,3.17464,3.19896,3.117,55370.02118,
20151118,180000,3.14924,3.17646,3.12,51897.26251,
20151119,180000,3.049,3.18725,3.0155,70724.97373,
20151120,180000,3.07961,3.1139,3.033,86091.01535,
20151121,180000,3.1245,3.14,3.07125,30689.83864,
20151122,180000,3.09,3.13,3.061,42657.6257,
20151123,180000,3.087,3.115,3.06797,31198.69677,
20151124,180000,3.08455,3.097,3.05001,35459.75618,
20151125,180000,3.51311,3.52,3.05101,226172.1464,
20151126,180000,3.50791,3.73637,3.374,316249.2845,
20151127,180000,3.49421,3.58008,3.43,125564.483,
20151128,180000,3.46975,3.52042,3.40956,41402.44899,
20151129,180000,3.68292,3.76599,3.42001,150671.3297,
20151130,180000,3.57281,3.73495,3.49332,134800.2362,
20151201,180000,3.295,3.59,3.26,187538.1145,
20151202,180000,3.31131,3.38999,3.27166,90028.15466,
20151203,180000,3.32136,3.40004,3.274,65276.51394,
20151204,180000,3.34,3.36932,3.28301,42692.59721,
20151205,180000,3.52318,3.55195,3.32013,178890.4298,
20151206,180000,3.39641,3.521,3.36,177571.3671,
20151207,180000,3.54284,3.59999,3.37675,134859.1435,
20151208,180000,3.61037,3.69,3.46,131410.5923,
20151209,180000,3.5808,3.69856,3.52,217922.6265,
20151210,180000,3.62482,3.6322,3.52986,73474.76588,
20151211,180000,3.72643,3.77727,3.6004,208497.5491,
20151212,180000,3.52125,3.87,3.45,145621.5829,
20151213,180000,3.511,3.58079,3.46238,59754.76595,
20151214,180000,3.569,3.585,3.509,64262.03864,
20151215,180000,3.72188,3.76,3.56,195062.04,
20151216,180000,3.56604,3.72193,3.51755,169505.1809,
20151217,180000,3.67,3.68601,3.569,66819.83375,
20151218,180000,3.67351,3.74,3.64,41326.90582,
20151219,180000,3.64863,3.7007,3.6137,34638.48351,
20151220,180000,3.4261,3.68399,3.4,102089.0641,
20151221,180000,3.41909,3.49,3.3703,107410.1474,
20151222,180000,3.407,3.44343,3.37,38309.07876,
20151223,180000,3.61984,3.62,3.38731,92992.3146,
20151224,180000,3.61343,3.64246,3.55001,77485.75906,
20151225,180000,3.57174,3.61284,3.52,27929.90162,
20151226,180000,3.39933,3.57906,3.35,149353.2355,
20151227,180000,3.50583,3.52748,3.384,78929.70473,
20151228,180000,3.46112,3.52595,3.43,41158.80635,
20151229,180000,3.49999,3.53,3.43351,99154.33141,
20151230,180000,3.45032,3.51998,3.435,38481.41455,
20151231,180000,3.4506,3.4897,3.40111,42544.46663,
20160101,180000,3.4714,3.48903,3.433,29016.96765,
20160102,180000,3.45819,3.483,3.441,20602.72107,
20160103,180000,3.45202,3.47017,3.42605,38996.66316,
20160104,180000,3.47322,3.48757,3.44769,33074.0088,
20160105,180000,3.45694,3.48365,3.441,26876.33049,
20160106,180000,3.4487,3.47,3.44,18682.53462,
20160107,180000,3.57,3.57989,3.44673,89988.18262,
20160108,180000,3.53582,3.583,3.50429,86789.9217,
20160109,180000,3.50226,3.55139,3.50011,57224.91828,
20160110,180000,3.533,3.54651,3.4811,40412.2097,
20160111,180000,3.53226,3.588,3.51,76314.73344,
20160112,180000,3.46921,3.54964,3.44999,70695.33257,
20160113,180000,3.47,3.57,3.45,49831.9272,
20160114,180000,3.46012,3.5,3.44486,24592.4584,
20160115,180000,3.036,3.46012,2.9499,263224.2979,
20160116,180000,3.08,3.106,2.898,237390.3199,
20160117,180000,2.991,3.09,2.97103,104264.1017,
20160118,180000,3.011,3.06,2.95,108055.3982,
20160119,180000,2.99985,3.055,2.96,70392.66381,
20160120,180000,3.36944,3.43,2.98021,227417.8244,
20160121,180000,3.2,3.375,3.15002,157436.7601,
20160122,180000,3.125,3.2277,3.05,156521.971,
20160123,180000,3.135,3.15794,3.08262,38603.69765,
20160124,180000,3.12,3.23,3.0848,47110.75455,
20160125,180000,3.13926,3.17495,3.117,42689.07877,
20160126,180000,3.14594,3.17,3.11912,39097.87603,
20160127,180000,3.25202,3.32995,3.115,112814.1669,
20160128,180000,3.051,3.25202,3,90249.63154,
20160129,180000,3.12398,3.1397,3.031,33567.71225,
20160130,180000,3.08072,3.12398,3.0688,16408.27002,
20160131,180000,3.08304,3.11896,3.04182,27769.34722,
20160201,180000,3.08176,3.1127,3.05,29837.22269,
20160202,180000,3.07311,3.105,3.07088,11266.1895,
20160203,180000,3.06,3.105,3.02188,24265.71951,
20160204,180000,3.14,3.19102,3.03887,69267.09212,
20160205,180000,3.11001,3.16852,3.1,21215.71317,
20160206,180000,3.1148,3.199,3.084,39365.37081,
20160207,180000,3.099,3.14744,3.06,28867.59473,
20160208,180000,3.097,3.12974,3.062,11711.15012,
20160209,180000,3.07121,3.092,3.051,10572.3081,
20160210,180000,3.105,3.132,3.07112,21505.234,
20160211,180000,3.0738,3.123,3.065,15399.80014,
20160212,180000,3.1101,3.13305,3.068,19250.07924,
20160213,180000,3.138,3.14545,3.10573,30261.86748,
20160214,180000,3.17,3.21,3.13,58739.15084,
20160215,180000,3.1401,3.195,3.12,30563.95842,
20160216,180000,3.17345,3.228,3.12279,47910.29451,
20160217,180000,3.217,3.25,3.15309,78952.15658,
20160218,180000,3.22,3.2488,3.188,32117.39219,
20160219,180000,3.20634,3.2392,3.1718,30992.56181,
20160220,180000,3.44511,3.485,3.20474,126228.95,
20160221,180000,3.37481,3.53,3.32,125660.1528,
20160222,180000,3.48,3.48999,3.3632,64938.69929,
20160223,180000,3.39,3.48,3.32012,58043.15131,
20160224,180000,3.36022,3.4,3.3001,31675.0509,
20160225,180000,3.325,3.38988,3.31,29429.02949,
20160226,180000,3.40842,3.42,3.302,60704.62173,
20160227,180000,3.342,3.42,3.33,36280.68593,
20160228,180000,3.415,3.4504,3.33,41305.5543,
20160229,180000,3.38563,3.464,3.37778,62615.70424,
20160301,180000,3.41,3.42,3.37,39932.67984,
20160302,180000,3.326,3.41,3.28,55733.48908,
20160303,180000,3.30702,3.349,3.285,74784.15699,
20160304,180000,3.22,3.34,3.19586,69384.3802,
20160305,180000,3.20487,3.25462,3.12274,46521.17549,
20160306,180000,3.195,3.26952,3.161,37369.961,
20160307,180000,3.2549,3.265,3.172,34353.31245,
20160308,180000,3.22,3.258,3.17831,34212.02695,
20160309,180000,3.26972,3.35,3.192,78225.1567,
20160310,180000,3.28213,3.297,3.216,24205.0467,
20160311,180000,3.34452,3.369,3.25758,58597.1421,
20160312,180000,3.28889,3.3446,3.26,16791.10453,
20160313,180000,3.28586,3.30572,3.2613,11962.49153,
20160314,180000,3.27023,3.31016,3.26,25452.71955,
20160315,180000,3.26808,3.3,3.24012,23825.84348,
20160316,180000,3.26223,3.29974,3.25,11235.31833,
20160317,180000,3.28383,3.2999,3.26012,29158.91254,
20160318,180000,3.1799,3.28859,3.13,50785.89731,
20160319,180000,3.17778,3.21199,3.14123,28927.97033,
20160320,180000,3.20517,3.21972,3.151,16835.33541,
20160321,180000,3.183,3.20819,3.16201,13757.01319,
20160322,180000,3.22144,3.23,3.183,24270.69875,
20160323,180000,3.23,3.2491,3.17004,37180.73375,
20160324,180000,3.1946,3.24,3.18721,30034.70447,
20160325,180000,3.197,3.2341,3.171,38405.07887,
20160326,180000,3.21421,3.22,3.18,12689.87707,
20160327,180000,3.26,3.35,3.178,53188.77031,
20160328,180000,3.24934,3.28,3.235,49694.46753,
20160329,180000,3.20404,3.258,3.17,21773.4627,
20160330,180000,3.24008,3.2401,3.18,26879.49951,
20160331,180000,3.21,3.248,3.2,37562.27641,
20160401,180000,3.23,3.24286,3.2001,31127.05709,
20160402,180000,3.24173,3.244,3.21548,8267.384577,
20160403,180000,3.231,3.2449,3.19,22318.17061,
20160404,180000,3.21,3.236,3.19,6221.482241,
20160405,180000,3.219,3.2449,3.197,10370.85469,
20160406,180000,3.223,3.231,3.20013,6177.016538,
20160407,180000,3.202,3.23,3.202,2669.312249,
20160408,180000,3.19311,3.26,3.1652,28897.13802,
20160409,180000,3.2022,3.20719,3.1652,9206.341157,
20160410,180000,3.21,3.259,3.17323,49837.00139,
20160411,180000,3.22,3.229,3.19006,7894.974548,
20160412,180000,3.22329,3.24341,3.18518,18658.57092,
20160413,180000,3.204,3.22555,3.20123,5920.30239,
20160414,180000,3.217,3.222,3.19201,6886.920894,
20160415,180000,3.255,3.2605,3.197,16060.84786,
20160416,180000,3.25,3.26051,3.23012,5933.339651,
20160417,180000,3.239,3.2605,3.22255,5941.806393,
20160418,180000,3.2107,3.239,3.2,15125.40031,
20160419,180000,3.25,3.25,3.20001,10492.47902,
20160420,180000,3.25,3.26,3.202,20949.82054,
20160421,180000,3.301,3.32,3.242,25818.25042,
20160422,180000,3.28,3.315,3.241,25484.16548,
20160423,180000,3.3044,3.3044,3.26,16024.26085,
20160424,180000,3.52,3.55,3.28813,103556.8111,
20160425,180000,3.728,3.82,3.46829,190909.6723,
20160426,180000,4.00049,4.09,3.7146,175777.1344,
20160427,180000,3.849,4.2,3.74002,229332.7257,
20160428,180000,3.726,3.86353,3.69,106148.6141,
20160429,180000,3.78499,3.84234,3.71,44302.94769,
20160430,180000,3.643,3.78194,3.643,37854.69279,
20160501,180000,3.72537,3.72952,3.643,21743.75248,
20160502,180000,3.67,3.7499,3.6,44481.11485,
20160503,180000,3.7427,3.771,3.625,68388.94465,
20160504,180000,3.7101,3.78,3.69225,24359.3418,
20160505,180000,3.69235,3.7399,3.66072,21625.51498,
20160506,180000,3.81,3.82433,3.6729,20897.23587,
20160507,180000,3.882,4.01224,3.81,98160.95181,
20160508,180000,3.89692,3.93,3.84111,20942.54164,
20160509,180000,4.03,4.04,3.85548,101819.5092,
20160510,180000,3.803,4.0866,3.7802,77156.22877,
20160511,180000,3.88995,3.93114,3.81212,97713.42607,
20160512,180000,3.82801,3.895,3.78,44798.55166,
20160513,180000,3.95,3.95,3.8,115615.8443,
20160514,180000,3.98,4.1,3.91,61311.51927,
20160515,180000,4.0629,4.0789,3.94,57729.75477,
20160516,180000,4,4.18,3.933,93137.25593,
20160517,180000,3.9887,4.12,3.94,64572.66569,
20160518,180000,4.03174,4.09053,3.956,76751.71347,
20160519,180000,3.9,4.103,3.77004,136314.0805,
20160520,180000,3.86571,3.9649,3.8047,110115.62,
20160521,180000,3.96798,3.99799,3.86504,65608.07099,
20160522,180000,3.9144,3.98316,3.87091,25038.43155,
20160523,180000,3.97643,3.97643,3.87111,22226.55836,
20160524,180000,3.9421,3.989,3.93143,15038.48073,
20160525,180000,4.02701,4.1,3.9421,73403.14734,
20160526,180000,4.09341,4.11896,4,100156.6028,
20160527,180000,4.41222,4.57,4.06803,218420.0409,
20160528,180000,4.37668,4.64896,4.272,177613.65,
20160529,180000,4.331,4.66749,4.272,133801.7267,
20160530,180000,4.513,4.57,4.331,85571.30802,
20160531,180000,4.50774,4.6179,4.4,110185.1442,
20160601,180000,4.63,4.74898,4.44304,101935.5175,
20160602,180000,4.61,4.66,4.57419,24835.82719,
20160603,180000,4.7111,4.75,4.601,62307.94603,
20160604,180000,4.72998,4.7999,4.666,62255.53346,
20160605,180000,4.72965,4.77,4.66,24570.36124,
20160606,180000,4.87105,4.92958,4.70612,98940.1506,
20160607,180000,4.67323,4.92,4.60931,82133.60191,
20160608,180000,4.66243,4.74,4.6,37212.75277,
20160609,180000,4.639,4.695,4.59,52275.5947,
20160610,180000,4.775,4.7799,4.639,43128.24377,
20160611,180000,4.90001,4.94995,4.72755,38034.94134,
20160612,180000,4.9799,5.178,4.89863,129999.0409,
20160613,180000,5.10503,5.35,4.94022,149943.9999,
20160614,180000,5.07,5.165,4.84121,106274.3641,
20160615,180000,5.06412,5.135,4.96118,33072.23251,
20160616,180000,5.58579,5.65,5.04087,203466.6174,
20160617,180000,5.4,5.63269,5.05,173202.531,
20160618,180000,5.34465,5.5,5.2248,73925.29442,
20160619,180000,5.337,5.3799,5.26,31850.48268,
20160620,180000,4.851,5.328,4.79,91783.97069,
20160621,180000,4.69401,4.98377,4.401,224979.1024,
20160622,180000,3.72001,4.84,3.61894,171521.8101,
20160623,180000,3.7734,3.8,3.31138,203007.8302,
20160624,180000,4.1,4.31111,3.88452,212792.0821,
20160625,180000,4.08812,4.27,3.85,93931.11304,
20160626,180000,3.95,4.11519,3.86308,85693.67006,
20160627,180000,4.0388,4.05,3.8952,36777.37376,
20160628,180000,3.97,4.09093,3.963,59299.78618,
20160629,180000,3.945,4,3.89875,22775.36178,
20160630,180000,4.12302,4.18,3.9292,49759.0695,
20160701,180000,4.181,4.25,4.08,82173.97135,
20160702,180000,4.4331,4.531,4.14417,79076.86163,
20160703,180000,4.22547,4.497,4.141,83845.10686,
20160704,180000,4.371,4.46099,4.16426,80395.53943,
20160705,180000,4.321,4.4,4.17,52124.1162,
20160706,180000,4.3543,4.4045,4.31001,14714.85618,
20160707,180000,4.09697,4.39842,3.81252,190917.4099,
20160708,180000,4.1,4.18165,3.96168,66985.15401,
20160709,180000,4.05767,4.122,3.89001,61477.84484,
20160710,180000,4.02,4.08115,3.97,18289.56038,
20160711,180000,4.0471,4.1894,3.97,47966.19598,
20160712,180000,4.0701,4.158,4.02111,41584.01721,
20160713,180000,4.085,4.1499,4.06,20212.05883,
20160714,180000,4.08,4.1199,4.05701,6964.603545,
20160715,180000,4.0985,4.125,4.061,20780.85652,
20160716,180000,4.07846,4.09951,4.045,10624.05905,
20160717,180000,4.1333,4.1799,4.04,23724.50944,
20160718,180000,4.076,4.15,4.04101,19849.959,
20160719,180000,4.08223,4.12612,4.0489,15557.58021,
20160720,180000,4.05,4.12,4.04989,45727.79176,
20160721,180000,4.09,4.11,4.04,13685.84044,
20160722,180000,4,4.1,3.90765,44753.56612,
20160723,180000,4.02,4.03,3.96001,9816.017518,
20160724,180000,4.03917,4.04179,3.976,20304.56073,
20160725,180000,3.99,4.03949,3.97,11447.97623,
20160726,180000,3.9,4.02,3.833,40219.17711,
20160727,180000,3.9211,3.98374,3.9,16327.73544,
20160728,180000,3.92727,3.98001,3.9,22651.57986,
20160729,180000,4.019,4.1,3.90012,18469.53415,
20160730,180000,4.011,4.05684,3.99016,5268.164971,
20160731,180000,3.9354,4.0366,3.90625,19221.95377,
20160801,180000,3.86,3.94774,3.78,26671.54892,
20160802,180000,3.6,3.86,3.22,131072.0698,
20160803,180000,3.72445,3.7655,3.521,43270.29405,
20160804,180000,3.75552,3.77,3.6575,26041.20058,
20160805,180000,3.74825,3.75552,3.69,10611.2184,
20160806,180000,3.746,3.79488,3.7,22699.4428,
20160807,180000,3.76961,3.80621,3.71264,26917.56368,
20160808,180000,3.753,3.79,3.73,21761.09816,
20160809,180000,3.7181,3.76497,3.70267,24833.49833,
20160810,180000,3.70028,3.77593,3.7,32163.17473,
20160811,180000,3.7107,3.76,3.7,28234.70237,
20160812,180000,3.69201,3.7316,3.68,29535.02795,
20160813,180000,3.69686,3.74,3.6702,29503.37484,
20160814,180000,3.61794,3.708,3.55588,38696.71151,
20160815,180000,3.5688,3.64793,3.5302,27849.83137,
20160816,180000,3.618,3.65,3.54254,32128.45086,
20160817,180000,3.57192,3.695,3.567,25520.61059,
20160818,180000,3.60503,3.62745,3.57192,13986.22542,
20160819,180000,3.582,3.61685,3.56006,16539.95724,
20160820,180000,3.58083,3.62,3.57105,16182.31419,
20160821,180000,3.58159,3.61,3.57832,13387.95191,
20160822,180000,3.66602,3.68542,3.56,76819.41024,
20160823,180000,3.9245,4.01,3.65442,255076.1484,
20160824,180000,3.8684,3.951,3.80001,103653.4334,
20160825,180000,3.78999,3.8999,3.753,80450.95038,
20160826,180000,3.8247,3.85562,3.771,60796.57671,
20160827,180000,3.752,3.825,3.728,29938.23564,
20160828,180000,3.77643,3.77643,3.71327,32446.61414,
20160829,180000,3.76763,3.8025,3.75001,29024.34916,
20160830,180000,3.812,3.8399,3.758,39082.69928,
20160831,180000,3.81003,3.83,3.78732,15905.50563,
20160901,180000,3.84096,3.8799,3.81,29980.57002,
20160902,180000,3.80573,3.839,3.8,36735.78225,
20160903,180000,3.87479,3.923,3.80455,20017.52255,
20160904,180000,3.98,4.03942,3.86123,26848.68231,
20160905,180000,3.95,3.97996,3.91536,9751.326857,
20160906,180000,3.91642,3.9616,3.90001,11114.92399,
20160907,180000,3.93106,3.959,3.902,9235.00195,
20160908,180000,3.955,4.05,3.931,25945.0478,
20160909,180000,3.9698,4.00846,3.9401,10315.82883,
20160910,180000,3.946,3.98975,3.94,5779.309696,
20160911,180000,3.86,3.975,3.8,33564.40552,
20160912,180000,3.804,3.87,3.7671,21935.77586,
20160913,180000,3.8393,3.85691,3.8,8592.971333,
20160914,180000,3.816,3.85216,3.77327,5169.455847,
20160915,180000,3.83885,3.86833,3.79849,8703.886775,
20160916,180000,3.8359,3.85,3.79208,13993.97133,
20160917,180000,3.81315,3.8359,3.795,4553.22551,
20160918,180000,3.8359,3.8359,3.795,9958.024339,
20160919,180000,3.82858,3.84896,3.8125,5772.724487,
20160920,180000,3.7913,3.84781,3.7913,10642.13835,
20160921,180000,3.774,3.818,3.764,18916.27938,
20160922,180000,3.74372,3.799,3.70666,6634.961281,
20160923,180000,3.8102,3.84449,3.738,22295.82851,
20160924,180000,3.81315,3.84757,3.79804,4687.69336,
20160925,180000,3.80305,3.82471,3.79007,4012.14675,
20160926,180000,3.88546,3.91587,3.79923,14527.98732,
20160927,180000,3.843,3.9,3.835,7229.217042,
20160928,180000,3.832,3.87,3.80027,5297.77559,
20160929,180000,3.81987,3.85351,3.8,12909.66996,
20160930,180000,3.82944,3.83987,3.781,4935.71529,
20161001,180000,3.80296,3.84,3.79,16908.33989,
20161002,180000,3.84,3.842963,3.80291,10297.37562,
20161003,180000,3.82283,3.838791,3.786563,9297.412677,
20161004,180000,3.823,3.826999,3.7971,825.2084357,
20161005,180000,3.80851,3.839993,3.800021,4309.579297,
20161006,180000,3.81113,3.82,3.7826,5078.570056,
20161007,180000,3.840081,3.8519,3.790014,17040.04903,
20161008,180000,3.82,3.849749,3.810007,5856.731344,
20161009,180000,3.798,3.829998,3.792339,2446.002236,
20161010,180000,3.792,3.823,3.761,5405.484983,
20161011,180000,3.798087,3.879997,3.765001,18057.21907,
20161012,180000,3.792,3.829879,3.765,5850.22592,
20161013,180000,3.8554,3.99,3.78007,25998.69394,
20161014,180000,3.876959,3.898997,3.84777,10383.81402,
20161015,180000,3.862999,3.891953,3.850085,2268.981295,
20161016,180000,3.869899,3.884079,3.836002,2988.692352,
20161017,180000,3.837,3.8699,3.83,3015.137307,
20161018,180000,3.81,3.86,3.79,12226.30243,
20161019,180000,3.79,3.830989,3.737161,8457.515355,
20161020,180000,3.79351,3.81,3.750009,6661.904206,
20161021,180000,3.823107,3.848996,3.75,25386.52612,
20161022,180000,3.806003,3.898767,3.799,45674.14797,
20161023,180000,3.87,3.9,3.80601,16089.18049,
20161024,180000,3.8582,3.916637,3.83679,19915.73421,
20161025,180000,3.902,3.91,3.845459,15435.28006,
20161026,180000,3.924,3.999,3.866939,56846.91378,
20161027,180000,3.9671,4.05,3.92,21144.81826,
20161028,180000,3.936612,3.96,3.870015,10354.2931,
20161029,180000,4,4.076699,3.906177,21436.01192,
20161030,180000,3.935231,4.019429,3.918,45194.68114,
20161031,180000,3.929,3.973408,3.902,4783.275673,
20161101,180000,4.039797,4.081999,3.920023,18928.18464,
20161102,180000,4.058,4.068,3.969774,15772.31947,
20161103,180000,3.8505,4.082,3.76,29838.74412,
20161104,180000,3.838867,3.886403,3.80138,9792.389912,
20161105,180000,3.83804,3.87313,3.835,2277.799808,
20161106,180000,3.835,3.8731,3.81,7767.776798,
20161107,180000,3.78679,3.840826,3.782075,7328.129636,
20161108,180000,3.776701,3.827635,3.765114,11524.6522,
20161109,180000,3.8063,3.89,3.4851,20570.305,
20161110,180000,3.789999,3.806298,3.73,14685.49936,
20161111,180000,3.766,3.804725,3.76,2401.581314,
20161112,180000,3.68845,3.786,3.671,23005.04023,
20161113,180000,3.83205,3.9368,3.63982,16614.1152,
20161114,180000,3.836774,3.866986,3.811819,14807.88492,
20161115,180000,3.85,3.943007,3.8,22808.39623,
20161116,180000,3.858961,3.97999,3.800005,23685.93613,
20161117,180000,3.845,3.94,3.75,13183.10793,
20161118,180000,3.879592,3.8798,3.824001,6906.133278,
20161119,180000,3.860152,3.89,3.840003,14701.08247,
20161120,180000,3.887166,3.9023,3.824723,20153.88475,
20161121,180000,3.903714,3.945348,3.865085,11495.54061,
20161122,180000,3.862503,3.929997,3.860001,12047.58097,
20161123,180000,3.89818,3.919996,3.86,7478.806679,
20161124,180000,3.889074,3.91,3.870003,9663.078491,
20161125,180000,3.880005,3.909414,3.87,4519.169659,
20161126,180000,3.849815,3.906971,3.847702,2028.383564,
20161127,180000,3.85302,3.892097,3.847702,1624.61546,
20161128,180000,3.855025,3.879999,3.824001,6685.155972,
20161129,180000,3.846234,3.91,3.820124,43056.66925,
20161130,180000,3.833514,3.859863,3.820126,10015.38089,
20161201,180000,3.88,3.88555,3.820001,26106.61352,
20161202,180000,3.86478,3.909985,3.830103,36788.11563,
20161203,180000,3.86,3.89,3.836725,15690.49106,
20161204,180000,3.88,3.9,3.839051,12745.01753,
20161205,180000,3.484792,3.88,3.363,79137.3033,
20161206,180000,3.50331,3.519,3.439019,9465.593455,
20161207,180000,3.628759,3.631774,3.466115,16414.1771,
20161208,180000,3.65,3.685997,3.595866,12884.72456,
20161209,180000,3.63666,3.671521,3.61591,9655.33298,
20161210,180000,3.62,3.6534,3.581453,5795.85136,
20161211,180000,3.608817,3.625,3.573001,6715.496848,
20161212,180000,3.609999,3.64474,3.560029,7854.018341,
20161213,180000,3.591675,3.686,3.562,11299.31463,
20161214,180000,3.557212,3.604785,3.54,11456.44234,
20161215,180000,3.62299,3.629999,3.54123,7182.799754,
20161216,180000,3.575002,3.62299,3.573003,4820.505162,
20161217,180000,3.637927,3.645512,3.5558,21788.03215,
20161218,180000,3.620117,3.65973,3.60101,8744.567588,
20161219,180000,3.612748,3.628652,3.581,4161.832573,
20161220,180000,3.59,3.618002,3.570299,7284.468697,
20161221,180000,3.570001,3.677993,3.57,31718.23731,
20161222,180000,3.6232,3.678,3.539853,27453.27421,
20161223,180000,4.438051,4.4988,3.598074,80616.46778,
20161224,180000,4.262082,4.639997,4.190001,120502.7087,
20161225,180000,4.18952,4.26218,3.957837,54040.7509,
20161226,180000,4.109966,4.234718,4.011,31302.05973,
20161227,180000,4.2981,4.380689,4.080423,43548.57424,
20161228,180000,4.363295,4.45,4.250764,72602.7302,
20161229,180000,4.3678,4.415343,4.270123,42841.33797,
20161230,180000,4.18192,4.367899,4.089,38863.77877,
20161231,180000,4.219719,4.248,4.1,16020.9857,
20170101,180000,4.28306,4.41,4.178391,41407.27654,
20170102,180000,4.5,4.595999,4.283057,67116.95886,
20170103,180000,4.413329,4.507,4.310126,35401.04598,
20170104,180000,4.400212,4.65,4.32101,139344.7913,
20170105,180000,4.070574,4.48,4.010003,106832.7312,
20170106,180000,3.699,4.123,3.626651,95894.83225,
20170107,180000,3.719518,3.85,3.420003,63405.99138,
20170108,180000,3.773,3.821,3.68,39744.27097,
20170109,180000,4.13501,4.248396,3.75,77745.38087,
20170110,180000,4.409999,4.526027,4.121953,114380.3872,
20170111,180000,3.815001,4.499,3.79,118211.9623,
20170112,180000,3.911013,4.075,3.76,89055.51107,
20170113,180000,3.888977,3.999999,3.8,47943.20724,
20170114,180000,3.891848,3.989999,3.816983,33239.45793,
20170115,180000,3.84159,3.891848,3.84,18527.93977,
20170116,180000,3.788099,3.859696,3.780013,21947.70787,
20170117,180000,3.836067,3.920627,3.78,68504.37373,
20170118,180000,3.8001,3.8784,3.743,37799.3058,
20170119,180000,3.79168,3.889999,3.745835,39425.22237,
20170120,180000,3.876,3.919999,3.775,53872.82153,
20170121,180000,3.839,3.886997,3.834839,19259.30553,
20170122,180000,3.81,3.85379,3.760022,22285.51841,
20170123,180000,3.758,3.819048,3.753,25939.75483,
20170124,180000,3.770761,3.8,3.7501,16768.31414,
20170125,180000,3.640349,3.770761,3.625339,35155.25234,
20170126,180000,3.78148,3.8399,3.640012,50316.20437,
20170127,180000,3.8,3.833,3.72,23320.4569,
20170128,180000,3.829099,3.83891,3.777035,15106.01064,
20170129,180000,3.804811,3.833397,3.780001,15320.94856,
20170130,180000,4.020004,4.13,3.802013,83971.01918,
20170131,180000,4.02126,4.08,3.937045,73931.46569,
20170201,180000,3.957715,4.021257,3.926629,64243.77958,
20170202,180000,3.972,4.01,3.921,59848.00437,
20170203,180000,3.966783,3.999987,3.88,60697.57305,
20170204,180000,3.890552,3.96678,3.860005,31061.51092,
20170205,180000,3.88,3.910848,3.840136,12247.15647,
20170206,180000,3.87,3.922,3.849701,28316.91138,
20170207,180000,3.891536,3.949897,3.853,29811.56829,
20170208,180000,3.8701,3.93,3.85,29933.41843,
20170209,180000,3.61784,3.908617,3.5,87083.10058,
20170210,180000,3.76,3.779899,3.595185,51926.66884,
20170211,180000,3.756805,3.779692,3.738436,11327.89056,
20170212,180000,3.72,3.756805,3.693001,16807.83304,
20170213,180000,3.707,3.734385,3.67,16990.50152,
20170214,180000,3.791999,3.8012,3.67,29295.19812,
20170215,180000,3.798,3.826509,3.745,37905.5033,
20170216,180000,3.819,3.88,3.780712,31011.5498,
20170217,180000,3.8036,3.837997,3.767,24437.3939,
20170218,180000,3.7174,3.82,3.701302,13520.45338,
20170219,180000,3.695,3.73769,3.695,18489.69242,
20170220,180000,3.7295,3.769867,3.670666,61487.38192,
20170221,180000,3.71425,3.76842,3.7,51922.62711,
20170222,180000,3.759708,3.819,3.716853,85038.72274,
20170223,180000,3.801795,3.9,3.751203,36372.25762,
20170224,180000,3.826132,3.883001,3.793,56530.47329,
20170225,180000,3.815,3.844498,3.772387,18943.0923,
20170226,180000,3.755475,3.845,3.72223,29484.34772,
20170227,180000,3.804645,3.825,3.72801,32016.4263,
20170228,180000,3.752478,3.821203,3.741,22498.08609,
20170301,180000,3.78912,3.84,3.7421,51664.93416,
20170302,180000,3.99404,4.277854,3.771203,116697.4438,
20170303,180000,3.979921,4.081794,3.920523,59600.95971,
20170304,180000,3.929312,3.99,3.9,23288.3637,
20170305,180000,3.938226,3.98,3.89042,43898.86513,
20170306,180000,4.03,4.05,3.912,41646.51392,
20170307,180000,3.943912,4.059999,3.917096,37728.50679,
20170308,180000,3.78572,3.95182,3.7512,40178.45085,
20170309,180000,3.88183,3.910007,3.7831,39442.18328,
20170310,180000,3.776249,3.901626,3.674786,47604.50339,
20170311,180000,3.778,3.861028,3.7,56363.95517,
20170312,180000,3.838677,3.895,3.760013,47403.6962,
20170313,180000,4.302647,4.45,3.81,213433.7296,
20170314,180000,4.10604,4.324796,4.055,108880.4806,
20170315,180000,4.19,4.37,4.067719,161513.2728,
20170316,180000,4.32,4.575891,4.153892,157659.0125,
20170317,180000,4.3093,4.37,4.140003,132241.1405,
20170318,180000,4.174631,4.35406,3.880001,153449.5435,
20170319,180000,3.952222,4.2,3.920123,89504.66952,
20170320,180000,4.15614,4.194085,3.915081,53184.08653,
20170321,180000,4.136035,4.18,4.057999,62909.36412,
20170322,180000,4.029886,4.157997,4.021113,90580.86827,
20170323,180000,4.085733,4.13,4.029003,26993.13829,
20170324,180000,4.22203,4.3489,4.05,101043.2599,
20170325,180000,4.155,4.304944,4.05,82624.27934,
20170326,180000,4.13392,4.171997,4.1,49983.54905,
20170327,180000,4.11224,4.218668,4.1,39848.05612,
20170328,180000,4.19978,4.24,4.105003,48921.9739,
20170329,180000,4.34,4.374002,4.14,53698.29969,
20170330,180000,7.636386,7.92,4.3,364709.3665,
20170331,180000,6.785177,7.73,5.925106,303267.2744,
20170401,180000,7.299999,7.5901,6.4,348079.751,
20170402,180000,7.86,8.52259,7.010202,352198.5534,
20170403,180000,8.43,9.27,7.51,278289.9221,
20170404,180000,8.82954,9.4,8.2,345962.7166,
20170405,180000,11.78006,12.508,8.81,510770.1142,
20170406,180000,10.5,12.31,10.147002,401796.0831,
20170407,180000,9.899,11.2,9.51,301239.8466,
20170408,180000,10.66,11.15,9.87358,323950.1841,
20170409,180000,9.311,10.933999,8.751,408938.2338,
20170410,180000,9.486,10.099997,8.81,379436.1636,
20170411,180000,9.75,10.221,9.3,231353.81,
20170412,180000,11.55,11.981,9.670207,436878.3517,
20170413,180000,11.141,11.689999,10.712,263700.4209,
20170414,180000,11.7498,11.9211,10.996363,176715.0901,
20170415,180000,11.65,12.21,11.151,266173.3117,
20170416,180000,11.74568,11.784999,11.4666,71621.14123,
20170417,180000,11.368914,12.84999,10.871001,385943.7242,
20170418,180000,11.12881,11.625896,10.61111,375786.5994,
20170419,180000,10.18677,11.179966,9.9,281030.6876,
20170420,180000,10.800001,11.423,10.0813,260870.114,
20170421,180000,11.9,12.29,10.800001,313087.4389,
20170422,180000,14.41,14.41,11.810001,434708.9853,
20170423,180000,14.98,15.898385,14.331,533914.2648,
20170424,180000,14.905873,15.22,14.16001,247374.2746,
20170425,180000,14.99,15.2,14.25,229744.1487,
20170426,180000,14.884993,15.7,14.51001,293206.034,
20170427,180000,14.345437,14.99,13.5,289008.3421,
20170428,180000,14.19866,14.65,13.91,136221.8659,
20170429,180000,15.49899,15.499,14.156,175487.9295,
20170430,180000,15.207,15.79998,15.11111,168945.0023,
20170501,180000,15.497101,15.734371,14.723905,201262.3551,
20170502,180000,15.332222,15.497111,14.80003,116000.2056,
20170503,180000,19.809999,19.99,15.150151,334111.558,
20170504,180000,22.979998,24.1,19.475309,379149.3947,
20170505,180000,24.4106,25.91,21.9,296582.8882,
20170506,180000,27.25,27.271649,24.04,184735.1147,
20170507,180000,27.998869,29.75757,27.191979,212853.047,
20170508,180000,28.02825,29.5999,26.82081,158929.0506,
20170509,180000,30.333828,31.3,23.61,278991.6718,
20170510,180000,31.00001,36,29.307209,279408.4919,
20170511,180000,30.41,31.42,27,265914.6279,
20170512,180000,26.637,30.589,25.688979,169675.5392,
20170513,180000,28.728,28.8,24.9612,207993.3608,
20170514,180000,27.359379,29.21,26,139571.0783,
20170515,180000,23.9,27.3774,23.75,215208.9447,
20170516,180000,21.6,25,21,279863.5552,
20170517,180000,24.10001,25.25,20.440322,291938.7505,
20170518,180000,27.2,28,24.040002,262759.7806,
20170519,180000,26.499901,27.21849,25.7,211836.4017,
20170520,180000,26.42,27.677979,26,167048.2074,
20170521,180000,25.45,27.99,24.791001,165391.0675,
20170522,180000,24.353251,26.189,22.78,236699.4481,
20170523,180000,29.979,30.468032,23.936812,200665.8214,
20170524,180000,32.71,34.48,29.80871,212096.3691,
20170525,180000,26.848656,33.8,26,217955.2156,
20170526,180000,24.6,30.065984,23.6,216510.9516,
20170527,180000,22.758698,25.3986,17.1999,262253.1327,
20170528,180000,23.150001,25.262957,20.752077,233854.2567,
20170529,180000,24.550908,25.388,22.2,208788.0878,
20170530,180000,24.03,26.23,23.19777,201224.3096,
20170531,180000,25.03,25.317793,23.201,133108.229,
20170601,180000,26.4,28.6,25.031,257267.8987,
20170602,180000,27.374993,27.612,25.88,142593.3901,
20170603,180000,26.52,27.2222,26,104073.5686,
20170604,180000,28.035,28.1,25.82633,126615.6565,
20170605,180000,29.371324,30.5988,27.81,198273.787,
20170606,180000,28.896,29.96,27.5,169440.1228,
20170607,180000,27.4548,29.399,27.21,120468.7764,
20170608,180000,28.982504,29.79,27.2,120742.6084,
20170609,180000,28.667731,29.65,28.51,81130.98257,
20170610,180000,28.740001,29.489957,28.5,90670.07041,
20170611,180000,31.739,32.689997,28.54,120703.2894,
20170612,180000,28.755335,32.34,26.5,156789.5287,
20170613,180000,30.440937,30.47863,28.16001,103927.4995,
20170614,180000,29.059987,30.9,28.2,174478.669,
20170615,180000,29.08,30.1,26.831767,189324.0674,
20170616,180000,34.965506,35.2,28.750007,207436.5923,
20170617,180000,43.3251,45.55,35.448841,251389.3497,
20170618,180000,42.48,43.841335,38.5,203134.5856,
20170619,180000,45.9999,48.6,41.87,198616.4774,
20170620,180000,44.818456,47.2,43,132328.3667,
20170621,180000,44.1,46.42,42.51,135693.0777,
20170622,180000,45.3,46.9,42.9,118902.4582,
20170623,180000,44.918,46.2,44.5,65755.06448,